id,name,domain,tech_op,idx_type,subline_tech_op
617,中阴线,股票,,TECH_SPECIAL,
618,大阴线,股票,,TECH_SPECIAL,
619,光脚阴线,股票,,TECH_SPECIAL,
620,光头阴线,股票,,TECH_SPECIAL,
621,光头光脚阴线,股票,,TECH_SPECIAL,
622,假阳线,股票,,TECH_SPECIAL,
611,光脚阳线,股票,,TECH_SPECIAL,
612,光头阳线,股票,,TECH_SPECIAL,
613,光头光脚阳线,股票,,TECH_SPECIAL,
614,阴线,股票,,TECH_SPECIAL,
615,小阴星,股票,,TECH_SPECIAL,
616,小阴线,股票,,TECH_SPECIAL,
644,lwr,股票,"[""上穿"",""下穿"",""卖出信号"",""高位金叉"",""拐头向下"",""顶背离"",""底背离"",""买入信号"",""二次金叉""]",TECH_LINES,"{""LWR2值"":[""低位"",""走平"",""拐头向下"",""下移"",""拐头向上"",""高位"",""上移""],""LWR1值"":[""低位"",""走平"",""拐头向下"",""下移"",""拐头向上"",""高位"",""上移""]}"
624,长上影线,股票,,TECH_SPECIAL,
625,上影线,股票,,TECH_SPECIAL,
626,长下影线,股票,,TECH_SPECIAL,
627,下影线,股票,,TECH_SPECIAL,
628,向上跳空缺口,股票,,TECH_SPECIAL,
629,向下跳空缺口,股票,,TECH_SPECIAL,
642,一阳五线,股票,,TECH_SPECIAL,
368,刺穿线,股票,,TECH_SPECIAL,
369,十字星,股票,,TECH_SPECIAL,
370,阳包阴,股票,,TECH_SPECIAL,
372,双飞乌鸦,股票,,TECH_SPECIAL,
635,pbx,股票,"[""卖出信号"",""多头排列"",""粘合"",""金叉""]",TECH_LINES,"{""PBX2值"":[""走平"",""拐头向下"",""下移"",""拐头向上"",""上移""],""PBX3值"":[""走平"",""拐头向下"",""下移"",""拐头向上"",""上移""],""PBX4值"":[""走平"",""拐头向下"",""下移"",""拐头向上"",""上移""],""PBX1值"":[""走平"",""拐头向下"",""下移"",""拐头向上"",""上移""],""PBX6值"":[""走平"",""拐头向下"",""下移"",""拐头向上"",""上移""],""PBX5值"":[""走平"",""拐头向下"",""下移"",""拐头向上"",""上移""]}"
374,旭日初升,股票,,TECH_SPECIAL,
725,平量,股票,,TECH_SPECIAL,
376,红三兵,股票,,TECH_SPECIAL,
379,鹤立鸡群,股票,,TECH_SPECIAL,
380,仙鹤神针,股票,,TECH_SPECIAL,
381,士兵突击,股票,,TECH_SPECIAL,
461,trix,股票,"[""低位金叉"",""低位"",""死叉"",""即将金叉"",""卖出信号"",""走平"",""下移"",""拐头向上"",""金叉"",""上移"",""即将死叉"",""高位死叉"",""高位"",""底背离"",""买入信号""]",TECH_LINES,"{""trix值"":[""走平"",""拐头向下"",""下移"",""拐头向上"",""上移""],""trma值"":[""走平"",""拐头向下"",""下移"",""拐头向上"",""上移""]}"
179,均线,股票,"[""有效上穿"",""长期粘合"",""所有均线上移"",""走平"",""五线金叉"",""在所有均线下"",""两次回踩"",""在所有均线上"",""支撑"",""均线发散"",""四线粘合向上"",""二次金叉"",""回踩不破"",""死叉"",""上穿"",""即将金叉"",""有效下穿"",""回踩"",""四线金叉"",""将死不死"",""反抽"",""短期均线多头排列"",""所有均线走平"",""有效金叉"",""四均线强势上攻"",""金叉"",""上移"",""即将死叉"",""空头排列"",""高位"",""短线出现转向"",""四线粘合"",""低位金叉"",""阻力"",""上下震荡"",""拐头向下"",""下移"",""均线背离"",""拐头向上"",""走平后上移"",""中线买入"",""低位死叉"",""三线合一"",""三次金叉"",""所有均线走平后上移"",""均线之吻"",""低位"",""上穿所有均线"",""下破所有均线"",""两次上穿"",""下破"",""即将拐头向上"",""即将上穿"",""多头排列"",""粘合"",""高位死叉"",""底背离"",""平行""]",TECH_A_LINE,
180,macd,股票,"[""低位即将金叉"",""长期粘合"",""卖出信号"",""底部钝化"",""走平"",""最有价值信号"",""三次底背离"",""小绿柱"",""绿柱放大"",""拒绝死叉"",""顶背离"",""二次金叉"",""红柱回升"",""向上发散"",""死叉"",""即将金叉"",""二次死叉"",""卷土重来"",""金叉"",""绿柱首次缩短"",""红二波"",""上移"",""红柱高于黄线"",""即将死叉"",""上穿0轴"",""0轴上首次死叉"",""空头排列"",""下穿0轴"",""高位"",""长期上移"",""低位金叉"",""红柱缩短"",""白龙出水"",""拐头向下"",""下移"",""拐头向上"",""低位死叉"",""三次金叉"",""出现第二个红柱"",""反转风洞"",""绿柱缩短"",""零下金叉"",""低位"",""向上粘合"",""低位二次金叉"",""收窄"",""二次底背离"",""红柱放大"",""零下死叉"",""多头排列"",""粘合"",""高位死叉"",""买入信号"",""底背离""]",TECH_LINES,"{""DEA值"":[""低位"",""走平"",""拐头向下"",""下移"",""拐头向上"",""高位"",""上移""],""diff值"":[""上穿0轴"",""下穿0轴""],""dea值"":[""上穿0轴"",""下穿0轴""],""DIFF值"":[""低位"",""走平"",""拐头向下"",""下移"",""拐头向上"",""高位"",""上移""]}"
375,中流砥柱,股票,,TECH_SPECIAL,
194,阳盖阴,股票,,TECH_SPECIAL,
200,kdj,股票,"[""低位金叉"",""卖出信号"",""底部钝化"",""高位金叉"",""拐头向下"",""下移"",""躺底上勾"",""拐头向上"",""三次底背离"",""低位死叉"",""三次金叉"",""高位二次死叉"",""反转风洞"",""顶背离"",""二次金叉"",""超卖反转"",""低位"",""低位二次金叉"",""死叉"",""即将金叉"",""中位死叉"",""两次探底"",""二次死叉"",""金叉"",""顶部钝化"",""有效金叉"",""上移"",""中位金叉"",""即将死叉"",""二次底背离"",""超买"",""空头排列"",""多头排列"",""粘合"",""高位死叉"",""高位"",""三线向上"",""短线超买"",""底背离"",""买入信号"",""上穿0值"",""超卖""]",TECH_LINES,"{""d值"":[""低位"",""走平"",""拐头向下"",""下移"",""拐头向上"",""高位"",""上移""],""j值"":[""低位"",""中线超跌"",""上穿0轴"",""走平"",""拐头向下"",""下移"",""拐头向上"",""高位"",""上移""],""k值"":[""低位"",""走平"",""拐头向下"",""下移"",""拐头向上"",""高位"",""上移""]}"
201,mtm,股票,"[""三次金叉"",""低位金叉"",""低位二次金叉"",""死叉"",""卖出信号"",""下移"",""高位死叉"",""金叉"",""底背离"",""买入信号"",""上移"",""二次金叉""]",TECH_LINES,"{""mamtm值"":[""走平"",""拐头向下"",""下移"",""拐头向上"",""上移""],""mtm值"":[""走平"",""拐头向下"",""下移"",""拐头向上"",""上移""]}"
204,bias,股票,"[""低位金叉"",""低位"",""向上粘合"",""死叉"",""卖出信号"",""走平"",""拐头向下"",""下移"",""拐头向上"",""金叉"",""上移"",""超买"",""顶背离"",""高位"",""底背离"",""买入信号"",""二次金叉"",""超卖""]",TECH_LINES,"{""bias3值"":[""拐头向上""]}"
206,zlmm,股票,"[""死叉"",""金叉""]",TECH_LINES,"{""MML值"":[""走平"",""拐头向下"",""下移"",""拐头向上"",""上移""],""MMS值"":[""走平"",""拐头向下"",""下移"",""拐头向上"",""上移""],""MMM值"":[""走平"",""拐头向下"",""下移"",""拐头向上"",""上移""]}"
207,cci,股票,"[""低位"",""卖出信号"",""拐头向下"",""下移"",""拐头向上"",""二次上穿-100"",""顶部钝化"",""上移"",""二次底背离"",""超买"",""二次上穿100"",""顶背离"",""高位"",""底背离"",""买入信号"",""超卖""]",TECH_LINES,"{""CCI值"":[""低位"",""走平"",""拐头向下"",""下移"",""拐头向上"",""高位"",""上移""]}"
209,skdj,股票,"[""低位金叉"",""低位"",""死叉"",""即将金叉"",""卖出信号"",""下移"",""金叉"",""上移"",""即将死叉"",""超买"",""顶背离"",""高位"",""买入信号"",""底背离"",""二次金叉"",""超卖""]",TECH_LINES,"{""K值"":[""低位"",""走平"",""拐头向下"",""下移"",""拐头向上"",""高位"",""上移""],""D值"":[""低位"",""走平"",""拐头向下"",""下移"",""拐头向上"",""高位"",""上移""]}"
210,dma,股票,"[""低位金叉"",""低位"",""死叉"",""上下震荡"",""即将金叉"",""卖出信号"",""下移"",""金叉"",""上移"",""即将死叉"",""多头排列"",""高位死叉"",""高位"",""底背离"",""买入信号"",""二次金叉""]",TECH_LINES,"{""AMA值"":[""走平"",""拐头向下"",""下移"",""拐头向上"",""上移""],""DDD值"":[""走平"",""拐头向下"",""下移"",""拐头向上"",""上移""]}"
211,rsi,股票,"[""低位金叉"",""卖出信号"",""底部钝化"",""短期大于长期"",""拐头向下"",""下移"",""拐头向上"",""三次金叉"",""三线金叉"",""顶背离"",""二次金叉"",""低位"",""死叉"",""低位二次金叉"",""即将金叉"",""金叉"",""顶部钝化"",""上移"",""即将死叉"",""中位金叉"",""二次底背离"",""超买"",""上穿0轴"",""多头排列"",""空头排列"",""高位"",""买入信号"",""底背离"",""二次顶背离"",""超卖""]",TECH_LINES,"{""RSI3值"":[""低位"",""走平"",""拐头向下"",""下移"",""拐头向上"",""高位"",""上移""],""RSI1值"":[""低位"",""走平"",""拐头向下"",""下移"",""拐头向上"",""高位"",""上移""],""RSI2值"":[""低位"",""走平"",""拐头向下"",""下移"",""拐头向上"",""高位"",""上移""]}"
214,wr,股票,"[""低位"",""死叉"",""卖出信号"",""下移"",""金叉"",""上移"",""低位粘合"",""超买"",""粘合"",""高位"",""顶背离"",""买入信号"",""底背离"",""超卖""]",TECH_LINES,"{""wr2值"":[""低位"",""走平"",""拐头向下"",""下移"",""拐头向上"",""高位"",""上移""],""wr1值"":[""低位"",""走平"",""拐头向下"",""下移"",""拐头向上"",""高位"",""上移""]}"
225,boll,股票,"[""回踩中轨"",""下轨以下"",""卖出信号"",""下轨以上"",""走平"",""拐头向下"",""下移"",""中轨以下"",""突破下轨"",""拐头向上"",""二次突破中轨"",""上轨附近 "",""二次跌破下轨"",""跌破上轨"",""开口缩小"",""回踩下轨"",""上轨以下"",""上轨以上"",""喇叭口"",""中轨以上 "",""低位"",""中轨附近 "",""回踩上轨"",""突破上轨"",""开口张开"",""突破中轨"",""上移"",""跌破中轨"",""中轨支撑"",""中轨拐头向上"",""跌破下轨"",""下轨附近 "",""极限宽"",""底背离"",""买入信号""]",TECH_LINES,"{""lower值"":[""走平"",""拐头向下"",""下移"",""拐头向上"",""上移""],""upper值"":[""走平"",""拐头向下"",""下移"",""拐头向上"",""上移""],""mid值"":[""走平"",""拐头向下"",""下移"",""拐头向上"",""上移""]}"
239,dmi,股票,"[""低位金叉"",""低位"",""死叉"",""上穿"",""即将金叉"",""卖出信号"",""多头金叉"",""多头排列"",""金叉"",""买入信号"",""底背离"",""二次金叉"",""上移""]",TECH_LINES,"{""di1值"":[""垂直上移"",""走平"",""拐头向下"",""下移"",""拐头向上"",""上移""],""di2值"":[""走平"",""拐头向下"",""下移"",""拐头向上"",""上移""],""adx值"":[""走平"",""拐头向下"",""下移"",""拐头向上"",""上移""],""adxr值"":[""走平"",""拐头向下"",""下移"",""拐头向上"",""上移""]}"
240,cr,股票,"[""低位金叉"",""低位"",""上穿"",""多头排列"",""顶背离"",""高位"",""金叉"",""买入信号"",""底背离""]",TECH_LINES,"{""cr值"":[""低位"",""走平"",""拐头向下"",""下移"",""拐头向上"",""高位"",""上移""],""ma1值"":[""低位"",""走平"",""拐头向下"",""下移"",""拐头向上"",""高位"",""上移""],""ma2值"":[""低位"",""走平"",""拐头向下"",""下移"",""拐头向上"",""高位"",""上移""],""ma3值"":[""低位"",""走平"",""拐头向下"",""下移"",""拐头向上"",""高位"",""上移""]}"
243,"金针探底 ",股票,,TECH_SPECIAL,
244,"双针探底 ",股票,,TECH_SPECIAL,
445,底部缩量,股票,,TECH_SPECIAL,
446,底部孕线,股票,,TECH_SPECIAL,
247,"短线超跌 ",股票,,TECH_SPECIAL,
248,中线超跌,股票,,TECH_SPECIAL,
249,"长线超跌 ",股票,,TECH_SPECIAL,
250,"阴包阳 ",股票,,TECH_SPECIAL,
251,"穿头破脚 ",股票,,TECH_SPECIAL,
252,"锤子线 ",股票,,TECH_SPECIAL,
253,"倒锤线 ",股票,,TECH_SPECIAL,
254,"吊颈线 ",股票,,TECH_SPECIAL,
255,"射击之星 ",股票,,TECH_SPECIAL,
492,突出重围,股票,,TECH_SPECIAL,
466,vr,股票,"[""低位"",""卖出信号"",""下移"",""顶部钝化"",""顶背离"",""买入信号"",""底背离"",""上移""]",TECH_LINES,"{""vr值"":[""走平"",""拐头向下"",""下移"",""拐头向上"",""上移""],""lc值"":[""走平"",""拐头向下"",""下移"",""拐头向上"",""上移""]}"
377,回踩通道线,股票,,TECH_SPECIAL,
378,反弹先锋,股票,,TECH_SPECIAL,
363,早晨之星,股票,,TECH_SPECIAL,
364,上升通道,股票,,TECH_SPECIAL,
361,海底捞月,股票,,TECH_SPECIAL,
362,四阳夹一阴,股票,,TECH_SPECIAL,
340,曙光初现,股票,,TECH_SPECIAL,
329,趋势拐点,股票,,TECH_SPECIAL,
330,短线回调,股票,,TECH_SPECIAL,
331,聚宝盆,股票,,TECH_SPECIAL,
333,w底,股票,,TECH_SPECIAL,
335,杯柄形态,股票,,TECH_SPECIAL,
337,早晨十字星,股票,,TECH_SPECIAL,
339,两红夹一黑,股票,,TECH_SPECIAL,
344,底部放量,股票,,TECH_SPECIAL,
345,一阳三线,股票,,TECH_SPECIAL,
347,主力追踪,股票,,TECH_SPECIAL,
348,旗形,股票,,TECH_SPECIAL,
350,黄昏之星,股票,,TECH_SPECIAL,
358,短线超卖,股票,,TECH_SPECIAL,
356,太阳线,股票,,TECH_SPECIAL,
357,阶段抄底,股票,,TECH_SPECIAL,
359,放量突破,股票,,TECH_SPECIAL,
360,回调缩量,股票,,TECH_SPECIAL,
365,小三阳,股票,,TECH_SPECIAL,
382,双岛反转,股票,,TECH_SPECIAL,
383,仙人指路,股票,,TECH_SPECIAL,
384,涨停回马枪,股票,,TECH_SPECIAL,
623,假阴线,股票,,TECH_SPECIAL,
386,平步青云,股票,,TECH_SPECIAL,
388,尖三兵,股票,,TECH_SPECIAL,
389,量顶天立地,股票,,TECH_SPECIAL,
390,三线开花,股票,,TECH_SPECIAL,
632,横盘,股票,,TECH_SPECIAL,
391,多方炮,股票,,TECH_SPECIAL,
392,出水芙蓉,股票,,TECH_SPECIAL,
394,强中选强,股票,,TECH_SPECIAL,
395,池底巨龙,股票,,TECH_SPECIAL,
396,突破压力位,股票,,TECH_SPECIAL,
397,明月战神,股票,,TECH_SPECIAL,
398,超级短线波段,股票,,TECH_SPECIAL,
399,大s均线,股票,,TECH_SPECIAL,
400,串阴k线,股票,,TECH_SPECIAL,
401,箱体突破,股票,,TECH_SPECIAL,
403,底部红三兵,股票,,TECH_SPECIAL,
414,红二兵,股票,,TECH_SPECIAL,
416,下降通道,股票,,TECH_SPECIAL,
419,火箭升空,股票,,TECH_SPECIAL,
420,行情收盘价,股票,"[""下破"",""低位"",""上穿"",""中位"",""高位"",""上移""]",TECH_A_LINE,
421,季价托,股票,,TECH_SPECIAL,
422,行情开盘价,股票,"[""上穿""]",TECH_A_LINE,
423,行情最新价,股票,"[""回踩""]",TECH_A_LINE,
424,数值线,股票,,TECH_A_LINE,
425,金蜘蛛,股票,,TECH_SPECIAL,
426,行情成交量,股票,"[""低位"",""上穿""]",TECH_A_LINE,
427,vol,股票,"[""有效上穿"",""低位金叉"",""低位"",""死叉"",""上穿"",""即将金叉"",""有效下穿"",""拐头向下"",""走平"",""下移"",""拐头向上"",""金叉"",""有效金叉"",""上移"",""均匀放量"",""下破"",""即将上穿"",""粘合"",""高位"",""高位死叉"",""二次金叉""]",TECH_A_LINE,
428,expma,股票,"[""有效上穿"",""低位"",""低位金叉"",""死叉"",""上穿"",""即将金叉"",""有效下穿"",""拐头向下"",""走平"",""下移"",""拐头向上"",""金叉"",""有效金叉"",""上移"",""下破"",""即将上穿"",""多头排列"",""高位"",""高位死叉"",""二次金叉""]",TECH_A_LINE,
430,连续拉升,股票,,TECH_SPECIAL,
431,青龙取水,股票,,TECH_SPECIAL,
432,蜻蜓点水,股票,,TECH_SPECIAL,
433,秋影金波,股票,,TECH_SPECIAL,
435,上升三法,股票,,TECH_SPECIAL,
436,身怀六甲,股票,,TECH_SPECIAL,
437,一字线,股票,,TECH_SPECIAL,
438,放量,股票,,TECH_SPECIAL,
439,缩量,股票,,TECH_SPECIAL,
440,温和放量,股票,,TECH_SPECIAL,
441,放巨量,股票,,TECH_SPECIAL,
442,长期横盘,股票,,TECH_SPECIAL,
443,低位大阳,股票,,TECH_SPECIAL,
444,低位横盘,股票,,TECH_SPECIAL,
447,顶部放量,股票,,TECH_SPECIAL,
448,巨量长阳,股票,,TECH_SPECIAL,
449,高位横盘,股票,,TECH_SPECIAL,
450,价升量涨,股票,,TECH_SPECIAL,
451,短线多头,股票,,TECH_SPECIAL,
452,中期均线买入,股票,,TECH_SPECIAL,
457,阶段放量,股票,,TECH_SPECIAL,
458,阶段缩量,股票,,TECH_SPECIAL,
459,平台整理,股票,,TECH_SPECIAL,
460,突破平台,股票,,TECH_SPECIAL,
462,obv,股票,"[""低位"",""低位金叉"",""死叉"",""低位二次金叉"",""拐头向下"",""走平"",""拐头向上"",""金叉"",""上移"",""下移 "",""多头排列"",""高位"",""高位死叉"",""底背离""]",TECH_LINES,"{""obv值"":[""走平"",""拐头向下"",""下移"",""拐头向上"",""上移""]}"
463,cys,股票,"[""卖出信号"",""买入信号""]",TECH_LINES,"{""cys值"":[""走平"",""拐头向下"",""下移"",""拐头向上"",""上移""]}"
465,mfi,股票,"[""底背离"",""上移""]",TECH_LINES,"{""mfi值"":[""低位"",""走平"",""拐头向下"",""下移"",""拐头向上"",""高位"",""上移""]}"
577,amo,股票,"[""多头排列""]",TECH_A_LINE,
496,"一阳二线 ",股票,,TECH_SPECIAL,
573,asi,股票,"[""低位金叉"",""低位"",""死叉"",""卖出信号"",""下移"",""高位死叉"",""金叉"",""高位"",""买入信号"",""上移""]",TECH_LINES,"{""ASIT值"":[""走平"",""拐头向下"",""下移"",""拐头向上"",""上移""],""ASI值"":[""走平"",""拐头向下"",""下移"",""拐头向上"",""上移""]}"
574,amv,股票,"[""有效上穿"",""低位"",""低位金叉"",""死叉"",""上穿"",""即将金叉"",""有效下穿"",""拐头向下"",""走平"",""下移"",""拐头向上"",""金叉"",""有效金叉"",""上移"",""下破"",""多头排列"",""高位"",""高位死叉"",""二次金叉""]",TECH_A_LINE,
1885,bbi创新高,股票,,TECH_SPECIAL,
576,adtm,股票,"[""卖出信号"",""买入信号""]",TECH_LINES,"{""ADTM值"":[""低位"",""走平"",""拐头向下"",""下移"",""拐头向上"",""高位"",""上移""],""MAADTM值"":[""低位"",""走平"",""拐头向下"",""下移"",""拐头向上"",""高位"",""上移""]}"
578,roc,股票,"[""低位金叉"",""死叉"",""超买"",""卖出信号"",""高位金叉"",""拐头向上"",""金叉"",""顶背离"",""买入信号"",""底背离"",""上移"",""超卖""]",TECH_LINES,"{""ROC值"":[""走平"",""拐头向下"",""下移"",""拐头向上"",""上移""],""ROCMA值"":[""走平"",""拐头向下"",""下移"",""拐头向上"",""上移""]}"
579,bbi,股票,"[""低位金叉"",""低位"",""低位二次金叉"",""死叉"",""上穿"",""即将金叉"",""卖出信号"",""下移"",""金叉"",""上移"",""即将死叉"",""高位死叉"",""高位"",""买入信号""]",TECH_LINES,"{""BBI值"":[""走平"",""拐头向下"",""下移"",""拐头向上"",""上移""]}"
580,arbr,股票,"[""低位"",""卖出信号"",""拐头向下"",""下移"",""粘合"",""拐头向上"",""高位"",""买入信号"",""上移""]",TECH_LINES,"{""AR值"":[""低位"",""走平"",""拐头向下"",""下移"",""拐头向上"",""高位"",""上移""],""BR值"":[""低位"",""走平"",""拐头向下"",""下移"",""拐头向上"",""高位"",""上移""]}"
581,zbcd,股票,,TECH_LINES,"{""CD值"":[""走平"",""拐头向下"",""下移"",""拐头向上"",""上移""]}"
582,qlcx,股票,"[""低位金叉"",""死叉"",""金叉""]",TECH_LINES,"{""LONMA值"":[""走平"",""拐头向下"",""下移"",""拐头向上"",""上移""],""LON值"":[""走平"",""拐头向下"",""下移"",""拐头向上"",""上移""]}"
583,emv,股票,"[""低位金叉"",""低位"",""死叉"",""卖出信号"",""金叉"",""买入信号""]",TECH_LINES,"{""EMV值"":[""走平"",""拐头向下"",""下移"",""拐头向上"",""上移""],""MAEMV值"":[""走平"",""拐头向下"",""下移"",""拐头向上"",""上移""]}"
584,dpo,股票,"[""低位金叉"",""低位"",""死叉"",""卖出信号"",""下移"",""拐头向上"",""金叉"",""上移"",""粘合"",""高位死叉"",""高位"",""买入信号"",""底背离"",""二次金叉""]",TECH_LINES,"{""DPO值"":[""走平"",""拐头向下"",""下移"",""拐头向上"",""上移""],""MADPO值"":[""走平"",""拐头向下"",""下移"",""拐头向上"",""上移""]}"
589,月价托,股票,,TECH_SPECIAL,
606,阳线,股票,,TECH_SPECIAL,
607,小阳星,股票,,TECH_SPECIAL,
608,小阳线,股票,,TECH_SPECIAL,
609,中阳线,股票,,TECH_SPECIAL,
610,大阳线,股票,,TECH_SPECIAL,
655,t字线,股票,,TECH_SPECIAL,
656,倒t字线,股票,,TECH_SPECIAL,
697,高开低走,股票,,TECH_SPECIAL,
673,阶段平台整理,股票,,TECH_SPECIAL,
674,阶段突破平台,股票,,TECH_SPECIAL,
675,天量,股票,,TECH_SPECIAL,
679,行情最低价,股票,,TECH_A_LINE,
680,行情最高价,股票,,TECH_A_LINE,
685,新手炒股,股票,"[""卖出信号"",""买入信号""]",TECH_LINES,
686,均线出牛股,股票,"[""卖出信号"",""买入信号""]",TECH_LINES,
690,一阳四线,股票,,TECH_SPECIAL,
691,反弹,股票,,TECH_SPECIAL,
692,高位收阴,股票,,TECH_SPECIAL,
698,低开高走,股票,,TECH_SPECIAL,
703,股价高于前期放量股价,股票,,TECH_SPECIAL,
714,贝塔系数,股票,,TECH_LINES,
713,一阳包四阴,股票,,TECH_SPECIAL,
715,价升量缩,股票,,TECH_SPECIAL,
716,价跌量升,股票,,TECH_SPECIAL,
717,价跌量缩,股票,,TECH_SPECIAL,
732,ene,股票,"[""低位"",""下轨以下"",""卖出信号"",""跌破下轨"",""跌破上轨"",""下轨附近"",""突破下轨"",""突破上轨"",""买入信号"",""突破中轨"",""跌破中轨""]",TECH_LINES,
733,两黑夹一红,股票,,TECH_SPECIAL,
741,高开高走,股票,,TECH_SPECIAL,
742,低开低走,股票,,TECH_SPECIAL,
743,五子送财,股票,,TECH_SPECIAL,
744,五雷轰顶,股票,,TECH_SPECIAL,
749,高开,股票,,TECH_SPECIAL,
750,跳空高开,股票,,TECH_SPECIAL,
751,低开,股票,,TECH_SPECIAL,
752,跳空低开,股票,,TECH_SPECIAL,
1891,lwr创新高,股票,,TECH_SPECIAL,
1882,lwr创新低,股票,,TECH_SPECIAL,
1775,crsi,股票,"[""上移""]",TECH_LINES,
1782,wvad,股票,"[""低位"",""死叉"",""卖出信号"",""上穿0轴"",""拐头向下"",""下移"",""拐头向上"",""高位"",""金叉"",""买入信号"",""上移""]",TECH_LINES,
786,缩量拉高,股票,,TECH_SPECIAL,
787,长阳重炮,股票,,TECH_SPECIAL,
788,夺命长阳,股票,,TECH_SPECIAL,
789,乌云盖顶,股票,,TECH_SPECIAL,
790,短线窥测,股票,"[""死叉"",""金叉""]",TECH_LINES,
816,v型反转,股票,,TECH_SPECIAL,
817,倒v型反转,股票,,TECH_SPECIAL,
818,上涨两颗星,股票,,TECH_SPECIAL,
819,下跌三颗星,股票,,TECH_SPECIAL,
820,价平量升,股票,,TECH_SPECIAL,
821,价升量平,股票,,TECH_SPECIAL,
822,价平量缩,股票,,TECH_SPECIAL,
823,价跌量平,股票,,TECH_SPECIAL,
824,价平量平,股票,,TECH_SPECIAL,
825,放量拉升,股票,,TECH_SPECIAL,
826,量价巨增,股票,,TECH_SPECIAL,
990,底部t形,股票,,TECH_SPECIAL,
1701,张海宏策略,股票,,TECH_SPECIAL,
874,量价背离,股票,,TECH_SPECIAL,
877,并排阳线,股票,,TECH_SPECIAL,
878,红四兵,股票,,TECH_SPECIAL,
881,小阳收集,股票,,TECH_SPECIAL,
882,倒锤阳线,股票,,TECH_SPECIAL,
886,假阳十字星,股票,,TECH_SPECIAL,
887,假阴十字星,股票,,TECH_SPECIAL,
888,老鸭头,股票,,TECH_SPECIAL,
890,空中加油,股票,,TECH_SPECIAL,
1781,dbcd,股票,"[""金叉""]",TECH_LINES,
896,均线,港股,"[""有效上穿"",""长期粘合"",""所有均线上移"",""走平"",""五线金叉"",""在所有均线下"",""两次回踩"",""在所有均线上"",""支撑"",""均线发散"",""四线粘合向上"",""二次金叉"",""回踩不破"",""死叉"",""上穿"",""即将金叉"",""有效下穿"",""回踩"",""四线金叉"",""走平即将粘合"",""将死不死"",""反抽"",""短期均线多头排列"",""所有均线走平"",""有效金叉"",""四均线强势上攻"",""金叉"",""上移"",""即将死叉"",""指标创新低"",""空头排列"",""高位"",""短线出现转向"",""四线粘合"",""低位金叉"",""阻力"",""上下震荡"",""拐头向下"",""下移"",""均线背离"",""拐头向上"",""走平后上移"",""中线买入"",""三线合一"",""三次金叉"",""所有均线走平后上移"",""均线之吻"",""低位"",""上穿所有均线"",""下破所有均线"",""两次上穿"",""下破"",""即将拐头向上"",""即将上穿"",""多头排列"",""指标创新高"",""粘合"",""高位死叉"",""底背离"",""平行""]",TECH_A_LINE,
988,股价突破窄幅箱体,股票,,TECH_SPECIAL,
989,圆弧顶,股票,,TECH_SPECIAL,
922,烘云托月,股票,,TECH_SPECIAL,
1053,精确顶底,股票,,TECH_SPECIAL,
987,蛟龙出海,股票,,TECH_SPECIAL,
1709,明显放量,股票,,TECH_SPECIAL,
979,弃婴形态,股票,,TECH_SPECIAL,
980,挖坑,股票,,TECH_SPECIAL,
981,捕捞金叉,股票,,TECH_SPECIAL,
993,大阳包中阴,股票,,TECH_SPECIAL,
951,黄金坑,股票,,TECH_SPECIAL,
992,底部反转,股票,,TECH_SPECIAL,
957,堆量,股票,,TECH_SPECIAL,
959,小步上扬,股票,,TECH_SPECIAL,
982,一阳包两阴,股票,,TECH_SPECIAL,
961,多头尖兵,股票,,TECH_SPECIAL,
1778,威力雷达,股票,,TECH_SPECIAL,
965,头肩底,股票,,TECH_SPECIAL,
967,大阳包大阴,股票,,TECH_SPECIAL,
974,底部吸筹,股票,,TECH_SPECIAL,
994,中阳包中阴,股票,,TECH_SPECIAL,
1003,上升三法突破,股票,,TECH_SPECIAL,
997,海豚嘴,股票,,TECH_SPECIAL,
1000,梅开二度,股票,,TECH_SPECIAL,
1043,双阳包阴,股票,,TECH_SPECIAL,
1047,底部单峰,股票,,TECH_SPECIAL,
1041,薛斯通道,股票,"[""上穿下轨"",""突破下轨"",""突破上轨""]",TECH_LINES,
1884,dpo创新低,股票,,TECH_SPECIAL,
1716,实体涨幅,港股,,TECH_SPECIAL,
1057,单阳不破,股票,,TECH_SPECIAL,
1729,均线角度,股票,,TECH_A_LINE,
1019,长阳包阴,股票,,TECH_SPECIAL,
1020,神枪手,股票,,TECH_SPECIAL,
1023,开盘涨停,股票,,TECH_SPECIAL,
1025,神奇均线,股票,,TECH_SPECIAL,
1883,dpo创新高,股票,,TECH_SPECIAL,
1060,中线超涨,股票,,TECH_SPECIAL,
1063,倒垂阴线,股票,,TECH_SPECIAL,
1730,底部明显放量,股票,,TECH_SPECIAL,
1072,顶底管家,股票,,TECH_SPECIAL,
1071,长阳不破,股票,,TECH_SPECIAL,
1879,psy创新高,股票,,TECH_SPECIAL,
1078,阴孕阳,股票,,TECH_SPECIAL,
1079,阴孕十字,股票,,TECH_SPECIAL,
1081,光头中阳线,股票,,TECH_SPECIAL,
1082,光头大阳线,股票,,TECH_SPECIAL,
1083,短下影线,股票,,TECH_SPECIAL,
1085,光脚带长上影,股票,,TECH_SPECIAL,
1732,阴十字星,股票,,TECH_SPECIAL,
1087," 双阴夹双阳",股票,,TECH_SPECIAL,
1088,叠叠多方炮,股票,,TECH_SPECIAL,
1089,十字孕线,股票,,TECH_SPECIAL,
1739,低位缩量涨停,股票,,TECH_SPECIAL,
1104,一字涨停,股票,,TECH_SPECIAL,
1101,攻击性阳线,股票,,TECH_SPECIAL,
1102,中长阳线,股票,,TECH_SPECIAL,
1761,地量,股票,,TECH_SPECIAL,
1110,五线开花,股票,,TECH_SPECIAL,
1121,股海神偷,股票,,TECH_SPECIAL,
1259,中长阳线,港股,,TECH_SPECIAL,
1260,攻击性阳线,港股,,TECH_SPECIAL,
1261,十字孕线,港股,,TECH_SPECIAL,
1122,圆弧底,股票,,TECH_SPECIAL,
1123,m顶,股票,,TECH_SPECIAL,
1877,均笔成交创新高,股票,,TECH_SPECIAL,
1738,低位放量涨停,股票,,TECH_SPECIAL,
1132,加速上涨,股票,,TECH_SPECIAL,
1134,突然放量,股票,,TECH_SPECIAL,
1136,跌破平台,股票,,TECH_SPECIAL,
1137,反攻十字星,股票,,TECH_SPECIAL,
1141,准备拉升,股票,,TECH_SPECIAL,
1143,底部抬高,股票,,TECH_SPECIAL,
1144,急速下跌,股票,,TECH_SPECIAL,
1145,碎步小阳,股票,,TECH_SPECIAL,
1146,高开未回补,股票,,TECH_SPECIAL,
1147,放量打拐,股票,,TECH_SPECIAL,
1149,脉冲式放量,股票,,TECH_SPECIAL,
1784,初雨抓涨停,股票,,TECH_SPECIAL,
1150,量增价平,股票,,TECH_SPECIAL,
1160,突破上影线,股票,,TECH_SPECIAL,
1153,看涨捉腰带,股票,,TECH_SPECIAL,
1154,波段操作买入信号,股票,,TECH_SPECIAL,
1177,凹口平量柱,股票,,TECH_SPECIAL,
1175,即将突破,股票,,TECH_SPECIAL,
1216,osc,股票,"[""低位"",""低位金叉"",""死叉"",""卖出信号"",""高位金叉"",""拐头向下"",""下移"",""拐头向上"",""金叉"",""低位死叉"",""上移"",""高位死叉"",""高位"",""买入信号""]",TECH_LINES,"{""maosc值"":[""拐头向下"",""拐头向上""],""osc值"":[""拐头向下"",""拐头向上""]}"
1182,低档五阳线,股票,,TECH_SPECIAL,
1183,涨停过顶,股票,,TECH_SPECIAL,
1186,一阳包三阴,股票,,TECH_SPECIAL,
1208,巨量长阴,股票,,TECH_SPECIAL,
1878,均笔成交创新低,股票,,TECH_SPECIAL,
1189,低位伴侣线,股票,,TECH_SPECIAL,
1206,看涨吞没,股票,,TECH_SPECIAL,
1880,psy创新低,股票,,TECH_SPECIAL,
1735,放量涨停,股票,,TECH_SPECIAL,
1207,纵波换手率,股票,,TECH_SPECIAL,
1293," 双阴夹双阳",港股,,TECH_SPECIAL,
1295,adtm,港股,"[""卖出信号"",""买入信号""]",TECH_LINES,"{""ADTM值"":[""低位"",""走平"",""拐头向下"",""下移"",""拐头向上"",""高位"",""上移""],""MAADTM值"":[""低位"",""走平"",""拐头向下"",""下移"",""拐头向上"",""高位"",""上移""]}"
1703,牛回头,股票,,TECH_SPECIAL,
1229,纵波换手率,港股,,TECH_SPECIAL,
1230,看涨吞没,港股,,TECH_SPECIAL,
1231,低位伴侣线,港股,,TECH_SPECIAL,
1232,一阳包三阴,港股,,TECH_SPECIAL,
1233,涨停过顶,港股,,TECH_SPECIAL,
1700,巨量长阴,港股,,TECH_SPECIAL,
1235,凹口平量柱,港股,,TECH_SPECIAL,
1234,低档五阳线,港股,,TECH_SPECIAL,
1258,一字涨停,港股,,TECH_SPECIAL,
1706,一字跌停,股票,,TECH_SPECIAL,
1236,即将突破,港股,,TECH_SPECIAL,
1237,突破上影线,港股,,TECH_SPECIAL,
1238,波段操作买入信号,港股,,TECH_SPECIAL,
1239,看涨捉腰带,港股,,TECH_SPECIAL,
1240,量增价平,港股,,TECH_SPECIAL,
1241,脉冲式放量,港股,,TECH_SPECIAL,
1242,放量打拐,港股,,TECH_SPECIAL,
1243,高开未回补,港股,,TECH_SPECIAL,
1244,碎步小阳,港股,,TECH_SPECIAL,
1245,急速下跌,港股,,TECH_SPECIAL,
1246,底部抬高,港股,,TECH_SPECIAL,
1247,准备拉升,港股,,TECH_SPECIAL,
1248,反攻十字星,港股,,TECH_SPECIAL,
1249,跌破平台,港股,,TECH_SPECIAL,
1250,突然放量,港股,,TECH_SPECIAL,
1251,加速上涨,港股,,TECH_SPECIAL,
1252,m顶,港股,,TECH_SPECIAL,
1253,圆弧底,港股,,TECH_SPECIAL,
1254,股海神偷,港股,,TECH_SPECIAL,
1257,五线开花,港股,,TECH_SPECIAL,
1262,叠叠多方炮,港股,,TECH_SPECIAL,
1263,双阴夹双阳,港股,,TECH_SPECIAL,
1264,光脚带长上影,港股,,TECH_SPECIAL,
1265,短下影线,港股,,TECH_SPECIAL,
1266,光头大阳线,港股,,TECH_SPECIAL,
1267,光头中阳线,港股,,TECH_SPECIAL,
1268,阴孕十字,港股,,TECH_SPECIAL,
1269,阴孕阳,港股,,TECH_SPECIAL,
1270,顶底管家,港股,,TECH_SPECIAL,
1271,长阳不破,港股,,TECH_SPECIAL,
1272,倒垂阴线,港股,,TECH_SPECIAL,
1273,中线超涨,港股,,TECH_SPECIAL,
1274,单阳不破,港股,,TECH_SPECIAL,
1275,精确顶底,港股,,TECH_SPECIAL,
1276,底部单峰,港股,,TECH_SPECIAL,
1277,双阳包阴,港股,,TECH_SPECIAL,
1278,神奇均线,港股,,TECH_SPECIAL,
1280,神枪手,港股,,TECH_SPECIAL,
1281,长阳包阴,港股,,TECH_SPECIAL,
1282,上升三法突破,港股,,TECH_SPECIAL,
1283,梅开二度,港股,,TECH_SPECIAL,
1284,海豚嘴,港股,,TECH_SPECIAL,
1285,中阳包中阴,港股,,TECH_SPECIAL,
1286,大阳包中阴,港股,,TECH_SPECIAL,
1287,底部反转,港股,,TECH_SPECIAL,
1288,底部t形,港股,,TECH_SPECIAL,
1289,圆弧顶,港股,,TECH_SPECIAL,
1290,股价突破窄幅箱体,港股,,TECH_SPECIAL,
1296,amo,港股,"[""多头排列""]",TECH_A_LINE,
1297,amv,港股,"[""有效上穿"",""低位金叉"",""低位"",""死叉"",""上穿"",""即将金叉"",""有效下穿"",""走平"",""拐头向下"",""下移"",""拐头向上"",""金叉"",""有效金叉"",""上移"",""下破"",""指标创新低"",""多头排列"",""指标创新高"",""高位"",""高位死叉"",""二次金叉""]",TECH_A_LINE,
1298,arbr,港股,"[""低位"",""卖出信号"",""拐头向下"",""下移"",""粘合"",""拐头向上"",""高位"",""买入信号"",""上移""]",TECH_LINES,"{""AR值"":[""低位"",""走平"",""拐头向下"",""下移"",""拐头向上"",""高位"",""上移""],""BR值"":[""低位"",""走平"",""拐头向下"",""下移"",""拐头向上"",""高位"",""上移""]}"
1299,asi,港股,"[""低位金叉"",""低位"",""死叉"",""指标创新低"",""卖出信号"",""下移"",""指标创新高"",""高位死叉"",""金叉"",""高位"",""买入信号"",""上移""]",TECH_LINES,"{""ASIT值"":[""走平"",""拐头向下"",""下移"",""拐头向上"",""上移""],""ASI值"":[""走平"",""拐头向下"",""下移"",""拐头向上"",""上移""]}"
1300,bbi,港股,"[""低位金叉"",""低位"",""低位二次金叉"",""死叉"",""上穿"",""即将金叉"",""卖出信号"",""下移"",""金叉"",""上移"",""即将死叉"",""高位死叉"",""高位"",""买入信号""]",TECH_LINES,"{""BBI值"":[""走平"",""拐头向下"",""下移"",""拐头向上"",""上移""]}"
1301,bias,港股,"[""低位金叉"",""指标创新低 "",""低位"",""向上粘合"",""死叉"",""卖出信号"",""走平"",""拐头向下"",""下移"",""指标创新高 "",""拐头向上"",""金叉"",""上移"",""超买"",""顶背离"",""高位"",""底背离"",""买入信号"",""二次金叉"",""超卖""]",TECH_LINES,"{""bias3值"":[""拐头向上""]}"
1302,boll,港股,"[""回踩中轨"",""下轨以下"",""卖出信号"",""下轨以上"",""走平"",""拐头向下"",""下移"",""中轨以下"",""突破下轨"",""拐头向上"",""二次突破中轨"",""上轨附近 "",""二次跌破下轨"",""跌破上轨"",""开口缩小"",""回踩下轨"",""上轨以下"",""上轨以上"",""喇叭口"",""中轨以上 "",""低位"",""中轨附近 "",""回踩上轨"",""突破上轨"",""开口张开"",""突破中轨"",""上移"",""跌破中轨"",""中轨支撑"",""中轨拐头向上"",""跌破下轨"",""下轨附近 "",""极限宽"",""底背离"",""买入信号""]",TECH_LINES,"{""lower值"":[""走平"",""拐头向下"",""下移"",""拐头向上"",""上移""],""upper值"":[""走平"",""拐头向下"",""下移"",""拐头向上"",""上移""],""mid值"":[""走平"",""拐头向下"",""下移"",""拐头向上"",""上移""]}"
1303,cci,港股,"[""低位"",""卖出信号"",""拐头向下"",""下移"",""二次上穿-100"",""拐头向上"",""顶部钝化"",""上移"",""指标创新低"",""二次底背离"",""超买"",""二次上穿100"",""指标创新高"",""顶背离"",""高位"",""底背离"",""买入信号"",""超卖""]",TECH_LINES,"{""CCI值"":[""低位"",""走平"",""拐头向下"",""下移"",""拐头向上"",""高位"",""上移""]}"
1304,cr,港股,"[""低位金叉"",""低位"",""上穿"",""多头排列"",""顶背离"",""高位"",""金叉"",""买入信号"",""底背离""]",TECH_LINES,"{""cr值"":[""低位"",""走平"",""拐头向下"",""下移"",""拐头向上"",""高位"",""上移""],""ma1值"":[""低位"",""走平"",""拐头向下"",""下移"",""拐头向上"",""高位"",""上移""],""ma2值"":[""低位"",""走平"",""拐头向下"",""下移"",""拐头向上"",""高位"",""上移""],""ma3值"":[""低位"",""走平"",""拐头向下"",""下移"",""拐头向上"",""高位"",""上移""]}"
1305,cys,港股,"[""卖出信号"",""买入信号""]",TECH_LINES,"{""cys值"":[""走平"",""拐头向下"",""下移"",""拐头向上"",""上移""]}"
1306,dma,港股,"[""低位金叉"",""低位"",""死叉"",""上下震荡"",""即将金叉"",""卖出信号"",""下移"",""金叉"",""上移"",""即将死叉"",""指标创新低"",""多头排列"",""高位死叉"",""高位"",""底背离"",""买入信号"",""二次金叉""]",TECH_LINES,"{""AMA值"":[""走平"",""拐头向下"",""下移"",""拐头向上"",""上移""],""DDD值"":[""走平"",""拐头向下"",""下移"",""拐头向上"",""上移""]}"
1307,dmi,港股,"[""低位金叉"",""低位"",""死叉"",""上穿"",""即将金叉"",""卖出信号"",""多头金叉"",""多头排列"",""金叉"",""买入信号"",""底背离"",""二次金叉"",""上移""]",TECH_LINES,"{""di1值"":[""垂直上移"",""走平"",""拐头向下"",""下移"",""拐头向上"",""上移""],""di2值"":[""走平"",""拐头向下"",""下移"",""拐头向上"",""上移""],""adx值"":[""走平"",""拐头向下"",""下移"",""拐头向上"",""上移""],""adxr值"":[""走平"",""拐头向下"",""下移"",""拐头向上"",""上移""]}"
1308,dpo,港股,"[""低位金叉"",""低位"",""死叉"",""卖出信号"",""下移"",""拐头向上"",""金叉"",""上移"",""粘合"",""高位死叉"",""高位"",""买入信号"",""底背离"",""二次金叉""]",TECH_LINES,"{""DPO值"":[""走平"",""拐头向下"",""下移"",""拐头向上"",""上移""],""MADPO值"":[""走平"",""拐头向下"",""下移"",""拐头向上"",""上移""]}"
1309,emv,港股,"[""低位金叉"",""低位"",""死叉"",""卖出信号"",""金叉"",""买入信号""]",TECH_LINES,"{""EMV值"":[""走平"",""拐头向下"",""下移"",""拐头向上"",""上移""],""MAEMV值"":[""走平"",""拐头向下"",""下移"",""拐头向上"",""上移""]}"
1311,ene,港股,"[""低位"",""下轨以下"",""卖出信号"",""跌破下轨"",""跌破上轨"",""下轨附近"",""突破下轨"",""突破上轨"",""买入信号"",""突破中轨"",""跌破中轨""]",TECH_LINES,
1312,expma,港股,"[""低位金叉"",""低位"",""死叉"",""上穿"",""即将金叉"",""走平"",""拐头向下"",""下移"",""拐头向上"",""金叉"",""有效金叉"",""上移"",""下破"",""指标创新低"",""即将上穿"",""多头排列"",""指标创新高"",""高位"",""高位死叉"",""二次金叉""]",TECH_A_LINE,
1313,kdj,港股,"[""低位金叉"",""卖出信号"",""底部钝化"",""高位金叉"",""拐头向下"",""下移"",""躺底上勾"",""拐头向上"",""三次底背离"",""三次金叉"",""高位二次死叉"",""反转风洞"",""顶背离"",""二次金叉"",""超卖反转"",""低位"",""低位二次金叉"",""死叉"",""即将金叉"",""中位死叉"",""两次探底"",""二次死叉"",""金叉"",""顶部钝化"",""有效金叉"",""上移"",""中位金叉"",""即将死叉"",""指标创新低"",""二次底背离"",""超买"",""空头排列"",""多头排列"",""粘合"",""指标创新高"",""三线向上"",""高位死叉"",""高位"",""短线超买"",""底背离"",""买入信号"",""上穿0值"",""超卖""]",TECH_LINES,"{""d值"":[""低位"",""走平"",""拐头向下"",""下移"",""拐头向上"",""高位"",""上移""],""j值"":[""低位"",""中线超跌"",""上穿0轴"",""走平"",""拐头向下"",""下移"",""拐头向上"",""高位"",""上移""],""k值"":[""低位"",""走平"",""拐头向下"",""下移"",""拐头向上"",""高位"",""上移""]}"
1314,lwr,港股,"[""下破"",""卖出信号"",""高位金叉"",""拐头向下"",""上破"",""顶背离"",""底背离"",""买入信号"",""二次金叉""]",TECH_LINES,"{""LWR2值"":[""低位"",""走平"",""拐头向下"",""下移"",""拐头向上"",""高位"",""上移""],""LWR1值"":[""低位"",""走平"",""拐头向下"",""下移"",""拐头向上"",""高位"",""上移""]}"
1315,macd,港股,"[""低位即将金叉"",""长期粘合"",""卖出信号"",""底部钝化"",""走平"",""最有价值信号"",""三次底背离"",""小绿柱"",""绿柱放大"",""拒绝死叉"",""顶背离"",""二次金叉"",""指标创新低 "",""红柱回升"",""向上发散"",""死叉"",""即将金叉"",""二次死叉"",""指标创新高 "",""卷土重来"",""金叉"",""红二波"",""上移"",""红柱高于黄线"",""即将死叉"",""上穿0轴"",""0轴上首次死叉"",""空头排列"",""下穿0轴"",""高位"",""长期上移"",""低位金叉"",""红柱缩短"",""白龙出水"",""拐头向下"",""下移"",""拐头向上"",""三次金叉"",""出现第二个红柱"",""反转风洞"",""绿柱缩短"",""零下金叉"",""低位"",""向上粘合"",""低位二次金叉"",""收窄"",""二次底背离"",""红柱放大"",""零下死叉"",""多头排列"",""粘合"",""高位死叉"",""买入信号"",""底背离""]",TECH_LINES,"{""DEA值"":[""低位"",""走平"",""拐头向下"",""下移"",""拐头向上"",""高位"",""上移""],""diff值"":[""上穿0轴"",""下穿0轴""],""dea值"":[""上穿0轴"",""下穿0轴""],""DIFF值"":[""低位"",""走平"",""拐头向下"",""下移"",""拐头向上"",""高位"",""上移""]}"
1316,mfi,港股,"[""底背离"",""上移""]",TECH_LINES,"{""mfi值"":[""低位"",""走平"",""拐头向下"",""下移"",""拐头向上"",""高位"",""上移""]}"
1317,mtm,港股,"[""指标创新低 "",""低位金叉"",""低位二次金叉"",""死叉"",""卖出信号"",""下移"",""金叉"",""上移"",""三次金叉"",""指标创新高"",""高位死叉"",""买入信号"",""底背离"",""二次金叉""]",TECH_LINES,"{""mamtm值"":[""走平"",""拐头向下"",""下移"",""拐头向上"",""上移""],""mtm值"":[""走平"",""拐头向下"",""下移"",""拐头向上"",""上移""]}"
1318,obv,港股,"[""低位"",""低位金叉"",""低位二次金叉"",""死叉"",""拐头向下"",""走平"",""拐头向上"",""金叉"",""上移"",""指标创新低"",""下移 "",""多头排列"",""指标创新高"",""高位"",""高位死叉"",""底背离""]",TECH_LINES,"{""obv值"":[""走平"",""拐头向下"",""下移"",""拐头向上"",""上移""]}"
1319,osc,港股,"[""低位"",""低位金叉"",""死叉"",""卖出信号"",""高位金叉"",""拐头向下"",""下移"",""拐头向上"",""金叉"",""低位死叉"",""上移"",""高位死叉"",""高位"",""买入信号""]",TECH_LINES,"{""maosc值"":[""拐头向下"",""拐头向上""],""osc值"":[""拐头向下"",""拐头向上""]}"
1320,pbx,港股,"[""卖出信号"",""多头排列"",""粘合"",""金叉""]",TECH_LINES,"{""PBX2值"":[""走平"",""拐头向下"",""下移"",""拐头向上"",""上移""],""PBX3值"":[""走平"",""拐头向下"",""下移"",""拐头向上"",""上移""],""PBX4值"":[""走平"",""拐头向下"",""下移"",""拐头向上"",""上移""],""PBX1值"":[""走平"",""拐头向下"",""下移"",""拐头向上"",""上移""],""PBX6值"":[""走平"",""拐头向下"",""下移"",""拐头向上"",""上移""],""PBX5值"":[""走平"",""拐头向下"",""下移"",""拐头向上"",""上移""]}"
1321,psy,港股,"[""超买"",""金叉"",""底背离"",""超卖""]",TECH_LINES,"{""psyma值"":[""低位"",""走平"",""拐头向下"",""下移"",""拐头向上"",""高位"",""上移""],""psy值"":[""低位"",""走平"",""拐头向下"",""下移"",""拐头向上"",""高位"",""上移""]}"
1322,qlcx,港股,"[""低位金叉"",""死叉"",""金叉""]",TECH_LINES,"{""LONMA值"":[""走平"",""拐头向下"",""下移"",""拐头向上"",""上移""],""LON值"":[""走平"",""拐头向下"",""下移"",""拐头向上"",""上移""]}"
1323,roc,港股,"[""低位金叉"",""死叉"",""卖出信号"",""高位金叉"",""拐头向上"",""金叉"",""顶背离"",""买入信号"",""底背离"",""上移""]",TECH_LINES,"{""ROC值"":[""走平"",""拐头向下"",""下移"",""拐头向上"",""上移""],""ROCMA值"":[""走平"",""拐头向下"",""下移"",""拐头向上"",""上移""]}"
1324,rsi,港股,"[""低位金叉"",""卖出信号"",""底部钝化"",""短期大于长期"",""拐头向下"",""下移"",""拐头向上"",""三次金叉"",""三线金叉"",""顶背离"",""二次金叉"",""低位"",""死叉"",""低位二次金叉"",""即将金叉"",""金叉"",""顶部钝化"",""上移"",""即将死叉"",""中位金叉"",""指标创新低"",""二次底背离"",""超买"",""上穿0轴"",""多头排列"",""空头排列"",""指标创新高"",""高位"",""买入信号"",""底背离"",""二次顶背离"",""超卖""]",TECH_LINES,"{""RSI3值"":[""低位"",""走平"",""拐头向下"",""下移"",""拐头向上"",""高位"",""上移""],""RSI1值"":[""低位"",""走平"",""拐头向下"",""下移"",""拐头向上"",""高位"",""上移""],""RSI2值"":[""低位"",""走平"",""拐头向下"",""下移"",""拐头向上"",""高位"",""上移""]}"
1325,sar抛物转向交易系统,港股,,TECH_SPECIAL,
1326,skdj,港股,"[""低位金叉"",""低位"",""死叉"",""即将金叉"",""卖出信号"",""下移"",""金叉"",""上移"",""即将死叉"",""超买"",""顶背离"",""高位"",""买入信号"",""底背离"",""二次金叉"",""超卖""]",TECH_LINES,"{""K值"":[""低位"",""走平"",""拐头向下"",""下移"",""拐头向上"",""高位"",""上移""],""D值"":[""低位"",""走平"",""拐头向下"",""下移"",""拐头向上"",""高位"",""上移""]}"
1327,trix,港股,"[""低位金叉"",""低位"",""死叉"",""即将金叉"",""卖出信号"",""走平"",""下移"",""拐头向上"",""金叉"",""上移"",""即将死叉"",""高位死叉"",""高位"",""底背离"",""买入信号""]",TECH_LINES,"{""trix值"":[""走平"",""拐头向下"",""下移"",""拐头向上"",""上移""],""trma值"":[""走平"",""拐头向下"",""下移"",""拐头向上"",""上移""]}"
1328,t字线,港股,,TECH_SPECIAL,
1329,vol,港股,"[""有效上穿"",""低位金叉"",""拐头向下"",""走平"",""下移"",""拐头向上"",""二次金叉"",""低位"",""死叉"",""向上粘合"",""上穿"",""即将金叉"",""有效下穿"",""金叉"",""有效金叉"",""均匀放量"",""上移"",""下破"",""指标创新低"",""即将上穿"",""多头排列"",""指标创新高"",""粘合"",""一直走平"",""高位"",""高位死叉""]",TECH_A_LINE,
1330,vr,港股,"[""低位"",""卖出信号"",""下移"",""指标创新高"",""顶部钝化"",""顶背离"",""买入信号"",""底背离"",""上移""]",TECH_LINES,"{""vr值"":[""走平"",""拐头向下"",""下移"",""拐头向上"",""上移""],""lc值"":[""走平"",""拐头向下"",""下移"",""拐头向上"",""上移""]}"
1331,v型反转,港股,,TECH_SPECIAL,
1332,wr,港股,"[""低位"",""死叉"",""卖出信号"",""下移"",""金叉"",""上移"",""低位粘合"",""超买"",""粘合"",""指标创新高"",""高位"",""顶背离"",""买入信号"",""底背离"",""超卖""]",TECH_LINES,"{""wr2值"":[""低位"",""走平"",""拐头向下"",""下移"",""拐头向上"",""高位"",""上移""],""wr1值"":[""低位"",""走平"",""拐头向下"",""下移"",""拐头向上"",""高位"",""上移""]}"
1333,w底,港股,,TECH_SPECIAL,
1334,zbcd,港股,"[""指标创新低"",""指标创新高""]",TECH_LINES,"{""CD值"":[""走平"",""拐头向下"",""下移"",""拐头向上"",""上移""]}"
1335,zlmm,港股,"[""死叉"",""金叉""]",TECH_LINES,"{""MML值"":[""走平"",""拐头向下"",""下移"",""拐头向上"",""上移""],""MMS值"":[""走平"",""拐头向下"",""下移"",""拐头向上"",""上移""],""MMM值"":[""走平"",""拐头向下"",""下移"",""拐头向上"",""上移""]}"
1336,一字线,港股,,TECH_SPECIAL,
1339,一阳三线,港股,,TECH_SPECIAL,
1340,"一阳二线 ",港股,,TECH_SPECIAL,
1341,一阳五线,港股,,TECH_SPECIAL,
1342,一阳包两阴,港股,,TECH_SPECIAL,
1343,一阳包四阴,港股,,TECH_SPECIAL,
1344,一阳四线,港股,,TECH_SPECIAL,
1349,三线开花,港股,,TECH_SPECIAL,
1353,上升三法,港股,,TECH_SPECIAL,
1354,上升通道,港股,,TECH_SPECIAL,
1355,上影线,港股,,TECH_SPECIAL,
1356,上涨两颗星,港股,,TECH_SPECIAL,
1736,放量跌停,股票,,TECH_SPECIAL,
1367,下影线,港股,,TECH_SPECIAL,
1373,下跌三颗星,港股,,TECH_SPECIAL,
1377,下降通道,港股,,TECH_SPECIAL,
1382,两红夹一黑,港股,,TECH_SPECIAL,
1383,两黑夹一红,港股,,TECH_SPECIAL,
1386,中期均线买入,港股,,TECH_SPECIAL,
1387,中流砥柱,港股,,TECH_SPECIAL,
1713,中线突破,股票,,TECH_SPECIAL,
1390,中线超跌,港股,,TECH_SPECIAL,
1396,中阳线,港股,,TECH_SPECIAL,
1397,中阴线,港股,,TECH_SPECIAL,
1398,串阴k线,港股,,TECH_SPECIAL,
1399,主力追踪,港股,,TECH_SPECIAL,
1400,乌云盖顶,港股,,TECH_SPECIAL,
1409,五子送财,港股,,TECH_SPECIAL,
1411,五雷轰顶,港股,,TECH_SPECIAL,
1413,仙人指路,港股,,TECH_SPECIAL,
1414,仙鹤神针,港股,,TECH_SPECIAL,
1415,价升量平,港股,,TECH_SPECIAL,
1416,价升量涨,港股,,TECH_SPECIAL,
1417,价升量缩,港股,,TECH_SPECIAL,
1418,价平量升,港股,,TECH_SPECIAL,
1419,价平量平,港股,,TECH_SPECIAL,
1420,价平量缩,港股,,TECH_SPECIAL,
1421,价跌量升,港股,,TECH_SPECIAL,
1422,价跌量平,港股,,TECH_SPECIAL,
1423,价跌量缩,港股,,TECH_SPECIAL,
1743,小十字星,股票,,TECH_SPECIAL,
1429,低位大阳,港股,,TECH_SPECIAL,
1430,低位横盘,港股,,TECH_SPECIAL,
1733,阳十字星,股票,,TECH_SPECIAL,
1734,缩量涨停,股票,,TECH_SPECIAL,
1434,低开,港股,,TECH_SPECIAL,
1435,低开低走,港股,,TECH_SPECIAL,
1436,低开高走,港股,,TECH_SPECIAL,
1437,倒t字线,港股,,TECH_SPECIAL,
1438,倒v型反转,港股,,TECH_SPECIAL,
1439,"倒锤线 ",港股,,TECH_SPECIAL,
1440,倒锤阳线,港股,,TECH_SPECIAL,
1441,假阳十字星,港股,,TECH_SPECIAL,
1442,假阳线,港股,,TECH_SPECIAL,
1443,假阴十字星,港股,,TECH_SPECIAL,
1444,假阴线,港股,,TECH_SPECIAL,
1445,光头光脚阳线,港股,,TECH_SPECIAL,
1446,光头光脚阴线,港股,,TECH_SPECIAL,
1447,光头阳线,港股,,TECH_SPECIAL,
1448,光头阴线,港股,,TECH_SPECIAL,
1449,光脚阳线,港股,,TECH_SPECIAL,
1450,光脚阴线,港股,,TECH_SPECIAL,
1451,出水芙蓉,港股,,TECH_SPECIAL,
1453,刺穿线,港股,,TECH_SPECIAL,
1454,十字星,港股,,TECH_SPECIAL,
1463,双岛反转,港股,,TECH_SPECIAL,
1464,"双针探底 ",港股,,TECH_SPECIAL,
1465,双飞乌鸦,港股,,TECH_SPECIAL,
1466,反弹,港股,,TECH_SPECIAL,
1467,反弹先锋,港股,,TECH_SPECIAL,
1470,"吊颈线 ",港股,,TECH_SPECIAL,
1473,向上跳空缺口,港股,,TECH_SPECIAL,
1474,向下跳空缺口,港股,,TECH_SPECIAL,
1742,黑三兵,股票,,TECH_SPECIAL,
1483,四阳夹一阴,港股,,TECH_SPECIAL,
1484,回调缩量,港股,,TECH_SPECIAL,
1490,回踩通道线,港股,,TECH_SPECIAL,
1493,地量,港股,,TECH_SPECIAL,
1496,均线出牛股,港股,"[""卖出信号"",""买入信号""]",TECH_LINES,
1500,堆量,港股,,TECH_SPECIAL,
1501,士兵突击,港股,,TECH_SPECIAL,
1502,多头尖兵,港股,,TECH_SPECIAL,
1505,多方炮,港股,,TECH_SPECIAL,
1507,大s均线,港股,,TECH_SPECIAL,
1508,大阳包大阴,港股,,TECH_SPECIAL,
1509,大阳线,港股,,TECH_SPECIAL,
1510,大阴线,港股,,TECH_SPECIAL,
1511,天量,港股,,TECH_SPECIAL,
1512,太阳线,港股,,TECH_SPECIAL,
1513,头肩底,港股,,TECH_SPECIAL,
1514,夺命长阳,港股,,TECH_SPECIAL,
1516,季价托,港股,,TECH_SPECIAL,
1517,"射击之星 ",港股,,TECH_SPECIAL,
1519,小三阳,港股,,TECH_SPECIAL,
1520,小步上扬,港股,,TECH_SPECIAL,
1522,小阳收集,港股,,TECH_SPECIAL,
1523,小阳星,港股,,TECH_SPECIAL,
1524,小阳线,港股,,TECH_SPECIAL,
1525,小阴星,港股,,TECH_SPECIAL,
1526,小阴线,港股,,TECH_SPECIAL,
1528,尖三兵,港股,,TECH_SPECIAL,
1529,巨量长阳,港股,,TECH_SPECIAL,
1530,平台整理,港股,,TECH_SPECIAL,
1531,平步青云,港股,,TECH_SPECIAL,
1533,平量,港股,,TECH_SPECIAL,
1534,并排阳线,港股,,TECH_SPECIAL,
1536,底部吸筹,港股,,TECH_SPECIAL,
1537,底部孕线,港股,,TECH_SPECIAL,
1538,底部放量,港股,,TECH_SPECIAL,
1539,底部红三兵,港股,,TECH_SPECIAL,
1540,底部缩量,港股,,TECH_SPECIAL,
1545,弃婴形态,港股,,TECH_SPECIAL,
1546,强中选强,港股,,TECH_SPECIAL,
1556,挖坑,港股,,TECH_SPECIAL,
1557,捕捞金叉,港股,,TECH_SPECIAL,
1560,放巨量,港股,,TECH_SPECIAL,
1561,放量,港股,,TECH_SPECIAL,
1562,放量拉升,港股,,TECH_SPECIAL,
1563,放量突破,港股,,TECH_SPECIAL,
1564,数值线,港股,,TECH_A_LINE,
1565,新手炒股,港股,"[""卖出信号"",""买入信号""]",TECH_LINES,
1566,旗形,港股,,TECH_SPECIAL,
1567,早晨之星,港股,,TECH_SPECIAL,
1568,早晨十字星,港股,,TECH_SPECIAL,
1569,旭日初升,港股,,TECH_SPECIAL,
1570,明月战神,港股,,TECH_SPECIAL,
1571,曙光初现,港股,,TECH_SPECIAL,
1574,月价托,港股,,TECH_SPECIAL,
1578,杯柄形态,港股,,TECH_SPECIAL,
1580,横盘,港股,,TECH_SPECIAL,
1581,池底巨龙,港股,,TECH_SPECIAL,
1582,海底捞月,港股,,TECH_SPECIAL,
1583,涨停回马枪,港股,,TECH_SPECIAL,
1783,均笔成交,股票,"[""下移"",""上移""]",TECH_LINES,
1780,vpt,股票,"[""死叉"",""下移"",""金叉"",""上移""]",TECH_LINES,
1586,温和放量,港股,,TECH_SPECIAL,
1587,火箭升空,港股,,TECH_SPECIAL,
1588,烘云托月,港股,,TECH_SPECIAL,
1593,短线回调,港股,,TECH_SPECIAL,
1594,短线多头,港股,,TECH_SPECIAL,
1595,短线窥测,港股,"[""死叉"",""金叉""]",TECH_LINES,
1597,短线超卖,港股,,TECH_SPECIAL,
1598,"短线超跌 ",港股,,TECH_SPECIAL,
1599,秋影金波,港股,,TECH_SPECIAL,
1600,空中加油,港股,,TECH_SPECIAL,
1603,"穿头破脚 ",港股,,TECH_SPECIAL,
1604,突出重围,港股,,TECH_SPECIAL,
1608,突破压力位,港股,,TECH_SPECIAL,
1609,突破平台,港股,,TECH_SPECIAL,
1737,缩量跌停,股票,,TECH_SPECIAL,
1612,箱体突破,港股,,TECH_SPECIAL,
1615,红三兵,港股,,TECH_SPECIAL,
1616,红二兵,港股,,TECH_SPECIAL,
1618,红四兵,港股,,TECH_SPECIAL,
1625,缩量,港股,,TECH_SPECIAL,
1626,缩量拉高,港股,,TECH_SPECIAL,
1627,老鸭头,港股,,TECH_SPECIAL,
1628,聚宝盆,港股,,TECH_SPECIAL,
1629,股价高于前期放量股价,港股,,TECH_SPECIAL,
1630,薛斯通道,港股,"[""上穿下轨"",""突破下轨"",""突破上轨""]",TECH_LINES,
1631,蛟龙出海,港股,,TECH_SPECIAL,
1632,蜻蜓点水,港股,,TECH_SPECIAL,
1633,行情开盘价,港股,"[""上穿""]",TECH_A_LINE,
1634,行情成交量,港股,"[""低位"",""上穿""]",TECH_A_LINE,
1635,行情收盘价,港股,"[""下破"",""低位"",""上穿"",""中位"",""高位"",""上移""]",TECH_A_LINE,
1636,行情最低价,港股,,TECH_A_LINE,
1637,行情最新价,港股,"[""回踩""]",TECH_A_LINE,
1638,行情最高价,港股,,TECH_A_LINE,
1639,贝塔系数,港股,,TECH_LINES,
1646,超级短线波段,港股,,TECH_SPECIAL,
1647,趋势拐点,港股,,TECH_SPECIAL,
1651,跳空低开,港股,,TECH_SPECIAL,
1652,跳空高开,港股,,TECH_SPECIAL,
1653,身怀六甲,港股,,TECH_SPECIAL,
1655,连续拉升,港股,,TECH_SPECIAL,
1657,量价巨增,港股,,TECH_SPECIAL,
1658,量价背离,港股,,TECH_SPECIAL,
1659,量顶天立地,港股,,TECH_SPECIAL,
1660,金蜘蛛,港股,,TECH_SPECIAL,
1661,"金针探底 ",港股,,TECH_SPECIAL,
1662,"锤子线 ",港股,,TECH_SPECIAL,
1663,长上影线,港股,,TECH_SPECIAL,
1664,长下影线,港股,,TECH_SPECIAL,
1666,长期横盘,港股,,TECH_SPECIAL,
1668,"长线超跌 ",港股,,TECH_SPECIAL,
1669,长阳重炮,港股,,TECH_SPECIAL,
1670,阳包阴,港股,,TECH_SPECIAL,
1671,阳盖阴,港股,,TECH_SPECIAL,
1672,阳线,港股,,TECH_SPECIAL,
1673,"阴包阳 ",港股,,TECH_SPECIAL,
1674,阴线,港股,,TECH_SPECIAL,
1675,阶段平台整理,港股,,TECH_SPECIAL,
1676,阶段抄底,港股,,TECH_SPECIAL,
1677,阶段放量,港股,,TECH_SPECIAL,
1678,阶段突破平台,港股,,TECH_SPECIAL,
1679,阶段缩量,港股,,TECH_SPECIAL,
1683,青龙取水,港股,,TECH_SPECIAL,
1685,顶部放量,港股,,TECH_SPECIAL,
1689,高位收阴,港股,,TECH_SPECIAL,
1690,高位横盘,港股,,TECH_SPECIAL,
1693,高开,港股,,TECH_SPECIAL,
1694,高开低走,港股,,TECH_SPECIAL,
1695,高开高走,港股,,TECH_SPECIAL,
1696,鹤立鸡群,港股,,TECH_SPECIAL,
1697,黄昏之星,港股,,TECH_SPECIAL,
1698,黄金坑,港股,,TECH_SPECIAL,
1741,揉搓线,股票,,TECH_SPECIAL,
1714,中线跌破,股票,,TECH_SPECIAL,
1715,短线跌破,股票,,TECH_SPECIAL,
1707,实体涨幅,股票,,TECH_SPECIAL,
1708,实体跌幅,股票,,TECH_SPECIAL,
1710,明显缩量,股票,,TECH_SPECIAL,
1712,短线突破,股票,,TECH_SPECIAL,
1717,实体跌幅,港股,,TECH_SPECIAL,
1718,明显放量,港股,,TECH_SPECIAL,
1719,明显缩量,港股,,TECH_SPECIAL,
1720,短线突破,港股,,TECH_SPECIAL,
1721,中线突破,港股,,TECH_SPECIAL,
1722,中线跌破,港股,,TECH_SPECIAL,
1723,短线跌破,港股,,TECH_SPECIAL,
1744,长阳涨停,股票,,TECH_SPECIAL,
1745,t字涨停,股票,,TECH_SPECIAL,
1746,放量大阴线,股票,,TECH_SPECIAL,
1747,高开大阴线,股票,,TECH_SPECIAL,
1748,双阴线,股票,,TECH_SPECIAL,
1749,高开阴线,股票,,TECH_SPECIAL,
1750,长下影小阴线,股票,,TECH_SPECIAL,
1751,长上影小阳线,股票,,TECH_SPECIAL,
1752,放量假阴线,股票,,TECH_SPECIAL,
1753,巨量阴线,股票,,TECH_SPECIAL,
1777,渔家得利,股票,"[""渔家出海"",""卖出信号"",""高位"",""买入信号""]",TECH_LINES,
1770,psy,股票,"[""低位"",""死叉"",""卖出信号"",""拐头向下"",""走平"",""下移"",""拐头向上"",""金叉"",""上移"",""超买"",""顶背离"",""高位"",""底背离"",""买入信号"",""超卖""]",TECH_LINES,"{""psyma值"":[""低位"",""走平"",""拐头向下"",""下移"",""拐头向上"",""高位"",""上移""]}"
1766,阴线多于阳线,股票,,TECH_SPECIAL,
1765,阳线多于阴线,股票,,TECH_SPECIAL,
1767,上涨多于下跌,股票,,TECH_SPECIAL,
1768,下跌多于上涨,股票,,TECH_SPECIAL,
1791,sar,股票,"[""红圈"",""卖出信号"",""下移"",""翻红"",""绿圈"",""买入信号"",""上移"",""翻绿""]",TECH_LINES,
1796,两阳夹红十字星,股票,,TECH_SPECIAL,
1797,两阳夹阴十字星,股票,,TECH_SPECIAL,
1798,两阳夹十字星,股票,,TECH_SPECIAL,
1829,开盘价创新低,股票,,TECH_SPECIAL,
1830,最高价创新低,股票,,TECH_SPECIAL,
1831,最低价创新低,股票,,TECH_SPECIAL,
1832,diff创新高,股票,,TECH_SPECIAL,
1833,dea创新高,股票,,TECH_SPECIAL,
1805,fsl,股票,"[""低位"",""死叉"",""拐头向下"",""下移"",""强势"",""拐头向上"",""金叉"",""上移"",""弱势"",""多头排列"",""空头排列"",""顶背离"",""高位"",""底背离""]",TECH_LINES,
1834,macd创新高,股票,,TECH_SPECIAL,
1835,macd创新低,股票,,TECH_SPECIAL,
1836,dea创新低,股票,,TECH_SPECIAL,
1837,diff创新低,股票,,TECH_SPECIAL,
1838,k值创新高,股票,,TECH_SPECIAL,
1810,成交量创新高,股票,,TECH_SPECIAL,
1811,三金叉,股票,,TECH_SPECIAL,
1814,成交量创新低,股票,,TECH_SPECIAL,
1815,成交额创新高,股票,,TECH_SPECIAL,
1816,成交额创新低,股票,,TECH_SPECIAL,
1817,换手率创新高,股票,,TECH_SPECIAL,
1818,换手率创新低,股票,,TECH_SPECIAL,
1819,量比创新高,股票,,TECH_SPECIAL,
1820,量比创新低,股票,,TECH_SPECIAL,
1821,振幅创新高,股票,,TECH_SPECIAL,
1822,振幅创新低,股票,,TECH_SPECIAL,
1823,开盘价创新高,股票,,TECH_SPECIAL,
1824,最高价创新高,股票,,TECH_SPECIAL,
1825,最低价创新高,股票,,TECH_SPECIAL,
1839,d值创新高,股票,,TECH_SPECIAL,
1840,j值创新高,股票,,TECH_SPECIAL,
1841,j值创新低,股票,,TECH_SPECIAL,
1842,d值创新低,股票,,TECH_SPECIAL,
1843,k值创新低,股票,,TECH_SPECIAL,
1844,mtm创新高,股票,,TECH_SPECIAL,
1845,mamtm创新高,股票,,TECH_SPECIAL,
1846,mtm创新低,股票,,TECH_SPECIAL,
1847,mamtm创新低,股票,,TECH_SPECIAL,
1848,bias创新高,股票,,TECH_SPECIAL,
1849,bias创新低,股票,,TECH_SPECIAL,
1850,cci创新高,股票,,TECH_SPECIAL,
1851,cci创新低,股票,,TECH_SPECIAL,
1852,rsi创新高,股票,,TECH_SPECIAL,
1853,rsi创新低,股票,,TECH_SPECIAL,
1854,wr1值创新高,股票,,TECH_SPECIAL,
1855,wr2值创新高,股票,,TECH_SPECIAL,
1856,wr2值创新低,股票,,TECH_SPECIAL,
1857,wr1值创新低,股票,,TECH_SPECIAL,
1858,boll创新高,股票,,TECH_SPECIAL,
1859,boll创新低,股票,,TECH_SPECIAL,
1860,obv创新高,股票,,TECH_SPECIAL,
1861,obv创新低,股票,,TECH_SPECIAL,
1862,asi创新高,股票,,TECH_SPECIAL,
1863,asi创新低,股票,,TECH_SPECIAL,
1864,vr创新高,股票,,TECH_SPECIAL,
1865,vr创新低,股票,,TECH_SPECIAL,
1866,sar创新高,股票,,TECH_SPECIAL,
1867,sar创新低,股票,,TECH_SPECIAL,
1868,mfi创新高,股票,,TECH_SPECIAL,
1869,mfi创新低,股票,,TECH_SPECIAL,
1870,arbr创新高,股票,,TECH_SPECIAL,
1871,arbr创新低,股票,,TECH_SPECIAL,
1872,zbcd创新高,股票,,TECH_SPECIAL,
1873,zbcd创新低,股票,,TECH_SPECIAL,
1886,bbi创新低,股票,,TECH_SPECIAL,
1887,roc创新高,股票,,TECH_SPECIAL,
1888,roc创新低,股票,,TECH_SPECIAL,
1889,adtm创新高,股票,,TECH_SPECIAL,
1890,adtm创新低,股票,,TECH_SPECIAL,
